id,year,age,skill_level,ethnicity,hand,general_processing_speed,general_oculomotor_speed,general_oculomotor_latency,smooth_pursuit_accuracy,dynamic_visual_acuity,choice_processing,choice_speed,choice_latency,discriminate_processing,discriminate_speed,discriminate_latency,circ_pursuit,horz_pursuit,vert_pursuit,age_group
600021,2019,21,Amateur,white,right,502.5,51,321.5,94.5298788,629,547,40,313,458,62,330,93.12297735,95.02001575,95.44664331,20+
600316,2018,14,Amateur,black,right,354.5,95,278,96.80263097,715,439,113,295,270,77,261,98.77432466,99.52831177,92.10525648,Under 16
600394,2018,20,College,black,right,477.5,72,358.5,96.93120017,884,499,61,441,456,83,276,98.8954413,98.90452339,92.99363581,20+
600799,2018,15,Amateur,white,right,285.5,122,307,95.63144815,594,363,18,312,208,226,302,99.21090794,99.3231853,88.3602512,Under 16
600939,2018,16,Amateur,native-hawaiian,right,560.5,86.5,385,85.75503757,771,808,94,342,313,79,428,90.92507085,86.26485207,80.07518978,16-19
601027,2019,19,Amateur,white,left,374.5,13,300.5,94.11758023,727,510,9,317,239,17,284,93.72368925,89.03724932,99.59180212,16-19
601069,2018,19,College,white,right,229,85,283,97.89762509,441,258,127,269,200,43,297,97.6207693,98.36067806,97.7114279,16-19
601111,2018,17,Amateur,white,right,632.5,42,328,89.1654977,1002,687,71,288,578,13,368,94.72804283,96.68509286,76.08335741,16-19
601264,2019,17,Amateur,white,right,320.5,30,296.5,92.07580954,543,381,23,320,260,37,273,94.38216978,88.55160398,93.29365486,16-19
601366,2019,16,Amateur,white,right,346,59,290,84.12392723,697,415,15,306,277,103,274,84.67061924,74.32119503,93.37996742,16-19
601899,2018,15,Amateur,white,right,459.5,141,253.5,93.21532861,1044,566,231,244,353,51,263,94.8717921,99.48007882,85.2941149,Under 16
602323,2018,15,Amateur,black,right,703,129.5,222,91.12300615,677,831,118,217,575,141,227,94.5528274,96.22952986,82.58666118,Under 16
602460,2018,20,College,white,right,348.5,57,295.5,98.49884025,936,464,35,320,233,79,271,99.11075011,96.63117512,99.75459552,20+
602938,2018,19,College,black,right,NA,NA,320,86.94344626,530,680,45,282,NA,NA,358,96.8852653,95.92356206,68.02151142,16-19
603415,2018,19,College,white,right,334.5,30.5,347,95.49474349,705,442,4,395,227,57,299,97.78762102,88.81234763,99.88426183,16-19
603519,2018,20,Amateur,hispanic,right,346.5,95.5,280,92.16154313,768,418,91,334,275,100,226,96.64679694,96.93357485,82.90425761,20+
603568,2018,21,College,white,right,266.5,55.5,310.5,98.16163754,540,401,52,250,132,59,371,98.73630767,98.67257084,97.07603412,20+
603811,2019,19,Amateur,white,right,329.5,79.5,317,96.08120396,995,455,92,291,204,67,343,91.98656746,97.75562152,98.50142291,16-19
603876,2018,20,College,white,right,367,43,259,97.85578187,894,451,51,272,283,35,246,99.01547468,98.27045014,96.28142079,20+
604072,2018,14,Amateur,white,right,448,49.5,297.5,94.0560344,715,562,60,281,334,39,314,96.72667395,96.80001429,88.64141495,Under 16
604085,2018,21,College,asian,right,590,187,329.5,89.0309876,678,751,35,299,429,339,360,96.01330338,89.67065693,81.40900249,20+
604381,2018,20,College,white,right,NA,NA,417.5,91.54122183,493,670,416,521,NA,NA,314,96.69063611,98.88537622,79.04765315,20+
604389,2018,20,College,white,left,413.5,41,290,98.10365055,916,582,46,323,245,36,257,98.63531958,98.93427388,96.7413582,20+
604738,2018,20,College,white,right,365.5,31.5,283.5,92.48639764,687,455,30,299,276,33,268,99.34161243,99.63434454,78.48323595,20+
604744,2018,15,Amateur,asian,left,473.5,66,312.5,86.52733858,768,598,92,312,349,40,313,93.90948381,88.34806136,77.32447056,Under 16
605054,2019,20,Amateur,white,right,NA,NA,NA,94.81846205,539,NA,NA,NA,215,40,290,93.46050785,92.93056542,98.06431288,20+
605058,2018,20,College,white,right,370.5,57.5,264.5,96.93798762,606,433,53,299,308,62,230,97.39969681,99.58845098,93.82581506,20+
605069,2019,15,Amateur,white,right,374.5,14.5,304,90.14938919,621,483,13,299,266,16,309,87.42337354,85.56214235,97.46265168,Under 16
605144,2018,18,Amateur,white,right,355,80,258.5,89.99474611,778,399,63,262,311,97,255,98.99209067,99.85423066,71.137917,16-19
605309,2018,16,Amateur,black,right,427,43,311,83.72975932,1086,507,35,314,347,51,308,83.49511691,87.51793523,80.17622583,16-19
605396,2019,20,Amateur,black,both,337.5,21,311,96.42036331,576,451,15,310,224,27,312,91.40898279,99.82570319,98.02640395,20+
605442,2019,20,Amateur,white,right,315,42.5,308,90.71577817,515,431,30,317,199,55,299,84.26502647,91.1836206,96.69868743,20+
605462,2018,16,Amateur,white,right,404.5,105,276,95.14808879,638,507,136,257,302,74,295,98.70443404,96.6469338,90.09289854,16-19
605548,2018,21,College,white,left,607,189,376,88.29533247,752,826,11,370,388,367,382,96.14219327,91.65376607,77.09003807,20+
605693,2018,20,Amateur,white,left,371.5,40.5,273,98.97101436,735,443,42,285,300,39,261,99.78133927,99.4252819,97.7064219,20+
605788,2018,20,College,white,right,223.5,249.5,326.5,98.64507318,688,378,157,313,69,342,340,99.31507037,99.62615926,96.99398991,20+
606075,2019,20,Amateur,white,right,251.5,33,314.5,92.83471973,525,315,45,309,188,21,320,91.23757329,89.44750779,97.81907812,20+
606132,2018,17,Amateur,white,right,256.5,81.5,298,81.86659179,644,289,125,302,224,38,294,91.62805172,90.36312073,63.60860292,16-19
606938,2019,14,Amateur,latinamerican,right,403,83.5,257,82.00323198,475,519,24,266,287,143,248,80.74051266,82.96217254,82.30701073,Under 16
606991,2019,20,Amateur,white,right,506,146.5,318,96.46082386,609,595,168,329,417,125,307,92.81888514,98.94467253,97.6189139,20+
607386,2018,20,College,white,right,322.5,33,273.5,93.17420412,571,420,28,283,225,38,264,97.23031231,99.66272473,82.62957533,20+
607536,2018,21,College,white,right,304,141,296,95.43053268,865,411,123,335,197,159,257,98.26412144,94.80518664,93.22228995,20+
607545,2018,18,College,white,left,290,121,243.5,97.54437313,597,383,157,223,197,85,264,99.55290361,99.64538333,93.43483245,16-19
607548,2018,17,Amateur,other,left,369.5,39,291.5,96.41761009,545,444,40,294,295,38,289,97.27082785,99.19353456,92.78846787,16-19
607858,2019,19,Amateur,white,left,389.5,72.5,270.5,96.03299819,634,521,128,236,258,17,305,93.20323908,95.14684279,99.7489127,16-19
607891,2018,21,College,white,right,287,125,279.5,97.03974712,793,333,165,282,241,85,277,98.89380438,99.65575773,92.56967924,20+
607928,2018,20,College,white,right,400.5,47.5,251.5,95.11396865,562,520,52,241,281,43,262,99.41262932,95.58102228,90.34825436,20+
608518,2019,15,Amateur,white,left,NA,NA,NA,94.5864812,763,NA,NA,NA,NA,NA,NA,93.50973194,92.20117852,98.04853314,Under 16
608635,2018,20,College,white,right,418,44.5,293.5,94.82254996,567,507,45,303,329,44,284,95.73561184,95.06372149,93.66831656,20+
608949,2019,17,Amateur,white,right,NA,NA,NA,NA,NA,NA,NA,NA,NA,NA,NA,NA,NA,NA,16-19
609150,2018,20,College,white,right,361.5,36,270,96.10566948,876,454,35,276,269,37,264,98.45757841,99.68000678,90.17942326,20+
609278,2018,20,College,white,right,333,55,308.5,92.43515531,827,444,40,339,222,70,278,90.77270878,88.64026544,97.89249172,20+
609356,2018,20,College,white,right,450.5,42,346.5,97.99313175,794,481,21,394,420,63,299,98.41508328,98.50189016,97.06242181,20+
609474,2018,19,College,hispanic,right,404,89,329.5,96.76115399,827,503,98,305,305,80,354,99.20521437,97.9381606,93.14008699,16-19
609562,2019,17,Amateur,white,right,279.5,25.5,287,97.03137559,544,381,22,297,178,29,277,94.02780631,97.20083217,99.86548829,16-19
609571,2018,21,College,white,right,351,57.5,254.5,95.36672652,555,413,57,241,289,58,268,97.43006862,99.13940621,89.53070473,20+
609703,2019,14,Amateur,white,left,397,59,272.5,95.07812419,840,445,84,235,349,34,310,93.66845486,92.54135772,99.02455998,Under 16
609897,2018,19,College,white,right,289,66.5,314,96.57082645,550,354,74,326,224,59,302,96.31579546,99.62475701,93.77192689,16-19
610066,2018,18,College,white,right,470,82.5,292,97.61266883,1015,662,93,293,278,72,291,96.0583809,97.9345745,98.8450511,16-19
610363,2019,17,Amateur,white,right,354,73.5,305.5,95.558944640000007,649,516,47,310,192,100,301,92.8506197,95.77268027,98.05353396,16-19
610546,2019,17,Amateur,white,right,389.5,36.5,287.5,95.11105909,566,528,21,271,251,52,304,91.32672758,95.75514428,98.25130541,16-19
610666,2019,15,Amateur,latinamerican,right,330.5,50.5,336.5,95.12246095,901,364,81,353,297,20,320,93.79432624,95.96802555,95.60503106,Under 16
610763,2019,17,Amateur,black,right,457.5,96,239.5,97.29174072,934,591,44,261,324,148,218,95.59789323,96.42692926,99.85039968,16-19
610882,2019,17,Amateur,white,right,621,113.5,350.5,96.59122716,758,934,172,301,308,55,400,95.32331027,95.66107337,98.78929783,16-19
610983,2018,15,Amateur,white,right,948,43,328.5,94.2132111,1072,1372,28,323,524,58,334,94.55522131,94.1071478,93.97726419,Under 16
611168,2018,15,Amateur,white,left,346,189.5,339,97.70132574,623,454,355,380,238,24,298,96.40457649,99.31622147,97.38317927,Under 16
611243,2018,22,College,black,right,419,60.5,268.5,92.12848793,798,550,52,275,288,69,262,98.87560965,93.27870264,84.23115149,20+
611426,2019,14,Amateur,white,right,370,91.5,303,93.31685193,514,449,116,292,291,67,314,91.77986764,89.89073493,98.27995323,Under 16
612215,2018,15,Amateur,white,right,311.5,74,261.5,89.81055635,735,364,90,243,259,58,280,95.43508765,88.7525281,85.2440533,Under 16
612233,2018,14,Amateur,white,right,387,85.5,293.5,97.4867078,597,507,98,311,267,73,276,99.49110043,99.82993674,93.13908624,Under 16
612257,2018,20,College,hispanic,right,418,46.5,331,87.97727889,809,549,43,358,287,50,304,94.02617754,87.00659968,82.89905946,20+
612273,2019,20,Amateur,white,right,395,39,306,95.41694618,778,550,62,311,240,16,301,94.02441492,92.85174335,99.37468026,20+
612346,2018,18,Amateur,white,left,361.5,45.5,289,97.67743349,731,428,43,297,295,48,281,99.07539565,97.89472753,96.06217729,16-19
612434,2019,20,Amateur,white,right,425,16.5,297,95.38516696,528,524,14,290,326,19,304,92.57747736,95.74074898,97.83727455,20+
612559,2019,17,Amateur,white,right,503,102.5,264.5,85.65765113,482,646,41,302,360,164,227,89.58116545,75.41964122,91.97214673,16-19
612921,2019,17,Amateur,white,right,351,21,290,94.30102987,786,531,25,290,171,17,290,93.35723466,93.82979735,95.71605759,16-19
613246,2018,19,College,white,right,374.5,55,264.5,93.16267921,577,493,45,248,256,65,281,95.10707693,98.82199178,85.55896891,16-19
613308,2019,14,Amateur,white,right,310,47.5,288.5,96.1635829,882,435,32,304,185,63,273,92.56689131,97.08008185,98.84377554,Under 16
613336,2019,20,Amateur,white,both,426.5,36,249.5,95.51280734,525,542,52,237,311,20,262,94.40026729,94.5620931,97.57606163,20+
613638,2019,21,Amateur,white,right,301.5,66,296,95.88211589,668,401,73,294,202,59,298,92.7992087,95.4374052,99.40973376,20+
614472,2018,17,Amateur,other,right,300,296,437,94.54481741,748,395,484,515,205,108,359,96.97986828,95.39876229,91.25582167,16-19
614500,2019,16,Amateur,latinamerican,right,480.5,75.5,359,88.08518543,617,464,108,357,497,43,361,85.36639691,84.25427868,94.6348807,16-19
614733,2019,15,Amateur,white,right,315.5,56,312,90.25152111,651,301,55,297,330,57,327,89.81304089,89.05603061,91.88549182,Under 16
615289,2018,21,College,white,both,337,263.5,357.5,94.81453937,633,453,430,439,221,97,276,97.30908877,94.14483982,92.98968953,20+
615513,2019,20,Amateur,white,right,363.5,38.5,350,94.09317873,625,435,17,317,292,60,383,92.98616318,90.83768689,98.45568611,20+
615666,2018,13,Amateur,asian,right,428.5,48,296,82.87441532,720,637,13,298,220,83,294,90.55349162,79.12236185,78.94739249,Under 16
615927,2018,16,Amateur,hispanic,left,750.5,214,379.5,93.46183004,804,756,63,250,745,365,509,94.71014649,95.45457497,90.22076865,16-19
615954,2018,15,Amateur,white,right,508.5,47.5,300.5,97.20425302,723,657,60,307,360,35,294,98.30096788,99.3723804,93.93941077,Under 16
616059,2018,14,Amateur,white,left,NA,NA,463,94.69197735,727,NA,NA,385,NA,235,541,96.56433378,99.84301737,87.66858091,Under 16
616241,2019,20,College,white,right,365.5,101,299.5,96.11521178,749,544,65,296,187,137,303,94.1362916,94.33079718,99.87854656,20+
616425,2019,18,Amateur,white,left,351,17.5,317.5,91.26356888,682,392,20,309,310,15,326,90.83275503,90.59785471,92.36009691,16-19
616531,2019,20,Amateur,white,right,488.5,31.5,319,95.83902382,660,651,19,309,326,44,329,95.03097489,92.91255711,99.57353946,20+
616893,2018,14,Amateur,hispanic,right,395.5,47.5,297.5,84.56925518,591,512,47,283,279,48,312,90.22438827,88.87542463,74.60795263,Under 16
617111,2018,16,Amateur,white,right,514,110.5,322.5,82.75728331,1071,744,57,367,284,164,278,85.49874526,93.25982163,69.51328305,16-19
617330,2018,20,College,white,right,379.5,36,275,95.86559812,796,564,28,258,195,44,292,97.23436871,93.15962398,97.20280167,20+
617717,2018,21,College,white,left,552.5,80,276,90.5762729,715,886,51,275,219,109,277,98.77521697,97.17871131,75.77489041,20+
617746,2018,19,College,white,right,297,39,271.5,97.74129656,481,396,39,278,198,39,265,99.27587828,98.91697784,95.03103356,16-19
617772,2018,15,Amateur,white,right,328,221.5,374.5,88.51825898,1300,377,73,340,279,370,409,91.46839249,85.04238985,89.04399461,Under 16
617926,2019,17,Amateur,latinamerican,right,377.5,133,263.5,88.90023998,696,455,66,295,300,200,232,90.0402955,84.89064588,91.76977856,16-19
618069,2019,16,Amateur,white,right,438,102.5,295.5,94.86858062,650,505,139,302,371,66,289,93.43319429,91.95950235,99.21304522,16-19
618128,2018,20,College,white,right,253.5,66.5,338,94.61987771,573,299,71,390,208,62,286,94.51512091,98.08059051,91.26392171,20+
618210,2018,20,College,white,right,250.5,293,479.5,92.08846074,565,335,502,523,166,84,436,97.005111779999993,97.67439947,81.58587097,20+
618576,2018,20,College,white,left,395,43,270.5,96.93480085,695,501,60,280,289,26,261,98.15210107,96.18719414,96.46510734,20+
618615,2019,17,Amateur,white,left,457,21,278,95.29105191,727,532,20,273,382,22,283,95.51323434,94.15343236,96.20648902,16-19
618759,2018,15,Amateur,white,right,341.5,142,346,94.8158373,728,486,158,414,197,126,278,96.7135991,94.41708924,93.31682357,Under 16
619231,2018,18,College,hispanic,right,265.5,233.5,306.5,91.24662751,628,407,55,263,124,412,350,94.87178432,86.05437493,92.81372328,16-19
619504,2019,22,Amateur,white,right,NA,NA,NA,89.66229864,485,NA,NA,NA,261,89,244,84.90250696,89.30266896,94.781720000000007,20+
619554,2019,17,Amateur,white,right,576,38,340.5,95.48843678,735,796,61,326,356,15,355,94.56043572,93.73542961,98.169445,16-19
619597,2018,20,College,white,right,294,70.5,304,95.71638617,718,398,56,313,190,85,295,94.31906676,97.72724365,95.10284811,20+
619738,2018,21,College,white,right,353,150,262,86.14846582,768,485,123,257,221,177,267,96.86706008,96.90401363,64.67432375,20+
619847,2018,16,Amateur,other,right,382.5,342,367,89.98037805,558,479,323,369,286,361,365,88.33867374,93.0976359,88.5048245,16-19
620000,2018,20,College,black,right,489.5,58.5,264,95.73255962,658,637,73,276,342,44,252,97.14926767,95.53572477,94.51268642,20+
620071,2018,20,College,white,right,355,48.5,314.5,92.11314795,534,414,38,333,296,59,296,96.97429265,94.10716296,85.25798825,20+
620344,2019,20,Amateur,white,right,262,78,238.5,96.37800695,1644,339,112,205,185,44,272,95.49945115,94.06223605,99.57233366,20+
620489,2018,20,College,hispanic,right,350,94.5,282.5,96.83976284,631,381,86,298,319,103,267,99.31915818,99.00498412,92.19514621,20+
620520,2019,22,Amateur,white,right,436,83,270,95.44371967,626,675,64,312,197,102,228,91.97926613,96.09331442,98.25857846,20+
620725,2019,16,Amateur,white,right,355.5,33.5,308.5,94.72518287,856,405,51,304,306,16,313,94.7976137,90.67743468,98.70050023,16-19
620884,2018,21,College,white,right,301.5,97.5,280.5,98.13708427,600,406,128,257,197,67,304,99.26349565,98.65996746,96.4877897,20+
620973,2018,20,College,black,right,697,140.5,338,97.46348052,854,1008,25,346,386,256,330,98.78831562,99.81273819,93.78938774,20+
621036,2019,20,Amateur,white,right,339.5,85,248.5,96.11579914,823,450,77,236,229,93,261,93.66170535,95.64310747,99.04258461,20+
621302,2019,16,Amateur,other,right,344,28.5,270,96.97465498,546,453,39,267,235,18,273,94.96177901,95.96218593,100,16-19
621318,2019,16,Amateur,black,right,NA,NA,NA,95.01018076,463,NA,NA,NA,NA,NA,NA,93.52141444,94.05517486,97.45395299,16-19
621583,2019,16,Amateur,latinamerican,right,408,29,275.5,94.20040224,620,454,25,275,362,33,276,92.65401265,95.88016807,94.06702599,16-19
621621,2018,15,Amateur,white,right,356.5,62.5,316.5,97.46791102,628,529,59,306,184,66,327,99.49857127,95.8813686,97.0237932,Under 16
621729,2018,17,Amateur,black,right,445.5,65,231.5,94.93946836,785,642,43,252,249,87,211,96.12521388,97.49167365,91.20151756,16-19
621740,2018,13,Amateur,hispanic,right,383.5,73,278,88.933749,877,443,100,277,324,46,279,96.30973779,93.78530132,76.70620788,Under 16
621801,2018,20,College,white,right,328,60,272.5,96.87415213,598,477,51,293,179,69,252,97.66083741,98.35466381,94.60695516,20+
621813,2018,16,Amateur,white,right,330.5,67,292.5,94.81967508,564,399,77,289,262,57,296,93.22603447,94.74705291,96.48593787,16-19
621864,2018,20,Amateur,white,right,365,39,269,93.83673002,605,520,31,272,210,47,266,99.10714672,93.15478568,89.24825765,20+
622015,2018,14,Amateur,hispanic,left,464,89.5,303.5,81.2140653,625,510,48,320,418,131,287,84.99188509,91.37304962,67.27726119,Under 16
622016,2019,15,Amateur,white,right,426.5,63.5,281,92.33608213,913,606,33,295,247,94,267,93.4581466,87.27465674,96.27544305,Under 16
622321,2019,20,Amateur,white,right,479.5,54.5,314,95.37450854,488,777,40,310,182,69,318,93.78130489,93.70075234,98.64146839,20+
622387,2018,15,Amateur,black,right,NA,NA,399.5,96.14403101,694,254,91,350,NA,NA,449,98.67549068,98.56371574,91.19288662,Under 16
622456,2019,19,College,white,right,384,67.5,292,96.50966252,877,570,13,340,198,122,244,93.53612167,97.6106213,98.38224459,16-19
622483,2019,21,Amateur,latinamerican,both,328.5,46,336.5,95.74684712,774,420,49,372,237,43,301,94.28217499,94.30138774,98.65697862,20+
622661,2018,20,College,white,right,396,42,281,97.49937254,679,526,39,276,266,45,286,98.09245686,99.48183208,94.92382867,20+
622839,2018,15,Amateur,hispanic,right,624.5,19.5,323,94.40160746,848,749,35,273,500,4,373,98.76364214,97.5708506,86.87032965,Under 16
623266,2018,16,Amateur,white,right,403.5,354,497,94.54215879,549,575,412,529,232,296,465,95.97315666,98.60030431,89.05301539,16-19
623324,2018,20,College,white,right,392,70.5,260.5,95.1221318,772,455,81,267,329,60,254,96.41576607,94.24342843,94.70720091,20+
623596,2019,21,Amateur,white,right,296.5,96,302.5,96.20339673,633,391,172,265,202,20,340,92.75334608,97.28329013,98.57355397,20+
623769,2019,20,Amateur,latinamerican,right,424.5,53.5,221,92.47876499,711,490,85,188,359,22,254,88.0252236,97.11486494,92.29620644,20+
623873,2019,17,Amateur,white,right,342,74,275.5,91.86549613,670,454,72,242,230,76,309,93.51808982,85.14336619,96.93503238,16-19
624547,2018,17,Amateur,white,right,416,91.5,302.5,94.87138927,1004,516,160,268,316,23,337,93.52722584,97.86857429,93.21836768,16-19
624664,2019,14,Amateur,white,right,267.5,91.5,298.5,92.60836328,777,314,102,325,221,81,272,90.75580242,90.70956074,96.35972668,Under 16
624800,2018,20,College,black,right,354,73.5,265.5,95.2993516,793,428,116,245,280,31,286,95.89702029,98.43477337,91.56626114,20+
625195,2019,16,Amateur,other,right,412,23.5,304.5,95.62905355,761,547,15,328,277,32,281,95.0528,92.87964033,98.95472033,16-19
625214,2019,20,Amateur,white,right,352,46.5,299,92.23900994,729,458,73,299,246,20,299,88.7475467,93.70545927,94.26402385,20+
625492,2019,17,Amateur,white,right,285,103.5,239,96.91501846,441,425,59,315,145,148,163,94.52549947,97.8229094,98.39664651,16-19
625523,2018,15,Amateur,black,right,498.5,110.5,250,91.45848979,728,707,114,248,290,107,252,96.45230347,99.08675586,78.83641004,Under 16
625653,2019,15,Amateur,black,right,351,118.5,247.5,93.76745911,600,378,105,246,324,132,249,89.324572559999993,94.6619663,97.31583846,Under 16
625665,2019,19,Amateur,Mixed,left,345.5,17.5,299,96.78820058,816,444,18,288,247,17,310,93.57804413,97.16996071,99.61659689,16-19
625788,2018,16,Amateur,white,right,426,55.5,374,94.28114283,692,455,36,410,397,75,338,95.1239905,99.67897972,88.04045827,16-19
626275,2018,21,College,hispanic,right,619.5,67,280.5,99.47790958,693,998,83,281,241,51,280,99.02548858,99.81025115,99.59798901,20+
626282,2018,15,Amateur,hispanic,right,471,32,279,95.52991934,734,683,30,279,259,34,279,98.91619375,95.32553712,92.34802715,Under 16
626319,2018,20,College,white,right,431.5,186,324,97.99319403,614,515,326,405,348,46,243,98.53732053,99.61832809,95.82393347,20+
626541,2019,17,Amateur,black,right,NA,NA,NA,NA,NA,NA,NA,NA,NA,NA,NA,NA,NA,NA,16-19
626715,2019,14,Amateur,white,right,401,115.5,285.5,93.95489096,719,447,92,307,355,139,264,88.36400134,96.40199486,97.09867668,Under 16
626791,2019,21,Amateur,white,right,370,11,286.5,92.95656571,521,448,13,290,292,9,283,92.38893868,89.82304126,96.6577172,20+
626931,2019,20,Amateur,white,right,384,20.5,289,90.50139296,462,502,18,296,266,23,282,92.17022966,83.57509574,95.75885348,20+
626965,2019,20,College,white,right,316,52.5,244,96.70515665,730,405,59,246,227,46,242,94.091152,98.05038831,97.97392964,20+
627145,2019,20,Amateur,white,right,417,65.5,280.5,94.31425753,829,493,88,260,341,43,301,94.26245651,89.29870988,99.38160619,20+
627257,2019,16,Amateur,white,right,416,80.5,287,94.55532586,611,532,110,285,300,51,289,94.30734003,89.98505558,99.37358198,16-19
627291,2018,21,College,white,right,419,49,268,95.7287016,758,551,55,283,287,43,253,99.48718412,91.90142325,95.79749743,20+
627400,2018,21,College,white,right,408,75,283.5,97.58998297,705,380,82,295,436,68,272,99.36860117,99.01316252,94.38818523,20+
627490,2018,20,College,american-indian,right,472.5,58.5,293.5,96.94076642,747,625,52,320,320,65,267,99.28263529,98.37134033,93.16832363,20+
627619,2019,15,Amateur,white,right,293,89.5,285,91.47555538,789,341,149,245,245,30,325,92.66091052,87.44585671,94.31989892,Under 16
627662,2018,19,College,white,right,215.5,492.5,518,90.68210756,702,228,634,529,203,351,507,93.88203325,91.86291865,86.30137077,16-19
627737,2019,20,Amateur,white,both,322.5,51.5,275,94.36189332,614,463,49,278,182,54,272,96.17415947,88.69993646,98.21158403,20+
627937,2019,20,Amateur,white,right,300.5,45,272,94.93649059,508,352,79,253,249,11,291,92.60197454,93.43597665,98.77152059,20+
627965,2018,21,College,white,right,NA,670.5,328,89.0944486,729,NA,1190,341,278,151,315,94.79325055,99.65577457,72.83432067,20+
628313,2018,15,Amateur,hispanic,right,654,221.5,359,93.99848024,844,997,369,424,311,74,294,98.29720198,99.82729235,83.87094638,Under 16
628338,2018,20,College,other,right,NA,NA,602,91.58368861,581,NA,NA,910,NA,NA,294,95.68773609,88.66665026,90.39667949,20+
628626,2019,15,Amateur,white,right,441.5,27,266,88.9723561,728,556,40,253,327,14,279,89.34274553,89.08821268,88.48611009,Under 16
628795,2019,15,Amateur,white,right,275.5,218,201.5,91.52515588,672,358,111,248,193,325,155,91.49912405,86.24535278,96.83099082,Under 16
629212,2018,16,Amateur,white,right,391.5,66,272,NA,763,545,61,288,238,71,256,97.79985649,NA,86.8988328,16-19
629478,2018,14,Amateur,other,right,535,97,312.5,88.68829512,658,817,117,276,253,77,349,88.21956526,94.69193754,83.15338256,Under 16
630019,2019,15,Amateur,white,left,421,187,184.5,92.03831056,793,597,182,181,245,192,188,91.71557046,90.31380009,94.08556113,Under 16
630287,2019,19,Amateur,white,right,293.5,40,277,94.38790017,549,383,26,272,204,54,282,89.33623504,94.91124694,98.91621854,16-19
630396,2018,15,Amateur,hispanic,right,335,96,263.5,94.52676283,947,439,96,264,231,96,263,92.91967008,97.10392952,93.55668889,Under 16
630469,2019,20,Amateur,black,right,211.5,56.5,341,94.81023869,609,256,58,396,167,55,286,93.20250468,93.68138372,97.54682768,20+
630562,2018,17,Amateur,white,right,487,197,371.5,92.22359481,751,650,336,406,324,58,337,97.27403652,95.69891878,83.69782912,16-19
631018,2019,21,Amateur,white,right,NA,NA,NA,95.77040637,699,NA,NA,NA,NA,NA,NA,95.18280141,92.6013745,99.52704319,20+
631078,2019,21,Amateur,white,right,335,60.5,285,86.3219408,600,465,95,251,205,26,319,90.79556898,74.51732885,93.65292457,20+
631257,2018,15,Amateur,hispanic,right,NA,44677.5,NA,88.74354181,NA,853,113,231,NA,89242,NA,89.71562952,91.22088444,85.29411146,Under 16
631370,2018,20,College,black,right,398.5,60.5,252,87.5518528,732,468,51,246,329,70,258,90.82934667,96.1290496,75.69716212,20+
631398,2019,14,Amateur,black,right,408,90.5,234,89.91933412,1053,557,107,229,259,74,239,89.86450584,88.16492499,91.72857154,Under 16
631603,2018,22,College,black,right,NA,420.5,290,89.79099894,698,465,213,317,NA,628,263,91.99165494,89.42218778,87.9591541,20+
631667,2019,18,Amateur,white,right,NA,NA,NA,92.55761522,950,NA,NA,NA,371,58,373,92.00236189,86.68164349,98.98884029,16-19
631745,2018,15,Amateur,hispanic,right,712.5,24,326.5,92.9466961,1241,836,34,308,589,14,345,88.19697221,98.46152686,92.18158922,Under 16
631881,2019,20,Amateur,white,right,NA,NA,NA,95.17811511,667,NA,NA,NA,841,22,280,94.1816342,92.20686929,99.14584185,20+
632215,2019,19,College,hispanic,right,402,36.5,288,95.73436576,599,534,22,314,270,51,262,94.89627084,93.8159925,98.49083393,16-19
632459,2019,21,Amateur,white,left,330,51,293,96.15963052,531,388,80,297,272,22,289,95.70514144,92.8899892,99.88376093,20+
632532,2018,20,College,hispanic,left,317,60.5,288,90.42696939,527,393,63,279,241,58,297,94.8562831,89.29190631,87.13271875,20+
632582,2019,19,Amateur,white,right,389,26,305.5,97.1443789,758,487,24,312,291,28,299,94.17149631,97.80934392,99.45229646,16-19
633047,2018,14,Amateur,hispanic,left,674.5,61,271,95.80402746,886,840,34,235,509,88,307,97.19625654,97.12919677,93.08662908,Under 16
633588,2019,14,Amateur,latinamerican,left,519.5,97,280,91.46932709,1107,635,97,284,404,97,276,90.15026192,87.86536765,96.39235171,Under 16
633603,2019,20,Amateur,white,right,353,11,292.5,94.29583595,593,364,10,303,342,12,282,92.20945903,91.89256381,98.785485,20+
633752,2018,20,College,white,right,384,25,366,93.22953434,710,533,22,381,235,28,351,98.33609231,93.69819773,87.65431298,20+
633784,2018,14,Amateur,white,right,405.5,61,251.5,90.20911106,665,494,59,273,317,63,230,94.2731605,90.97056491,85.38360776,Under 16
634053,2018,15,Amateur,hispanic,left,628,266.5,395.5,92.25022157,720,1016,418,504,240,115,287,92.0111396,95.27556397,89.46396113,Under 16
634160,2018,13,Amateur,white,right,388.5,37,338.5,94.12993433,603,407,65,304,370,9,373,99.41176365,92.46464537,90.51339398,Under 16
634604,2019,14,Amateur,latinamerican,right,454,77,249,83.07651114,855,681,91,264,227,63,234,80.27889808,79.16187214,89.78876319,Under 16
634944,2018,17,Amateur,white,left,425.5,250.5,266.5,93.09616515,921,640,90,270,211,411,263,98.73329398,93.03081808,87.52438338,16-19
635437,2018,15,Amateur,black,right,372.5,60.5,305,95.79835201,742,482,117,268,263,4,342,97.99035383,97.76355502,91.64114717,Under 16
635572,2019,19,Amateur,white,right,317.5,58.5,306,96.08762627,540,477,23,306,158,94,306,94.01842665,96.4767171,97.76773507,16-19
635624,2018,20,College,white,right,358.5,213,477.5,79.78560688,613,501,367,464,216,59,491,91.22363412,83.1667104,64.96647613,20+
636013,2019,21,Amateur,white,left,397,46,333.5,95.46078613,493,494,76,299,300,16,368,93.79337181,92.90885195,99.68013463,20+
636059,2019,16,Amateur,latinamerican,right,438,67,327,94.31961659,635,564,104,337,312,30,317,91.85456971,95.11176415,95.9925159,16-19
636179,2018,17,Amateur,white,right,367.5,36.5,262.5,97.98891267,632,490,38,247,245,35,278,98.13912408,99.38368061,96.44393331,16-19
636640,2018,19,College,white,left,320.5,46.5,266.5,96.61695464,710,377,60,261,264,33,272,98.41154505,96.52015531,94.91916357,16-19
636758,2018,21,College,white,right,326.5,115.5,254,96.5270132,803,446,108,236,207,123,272,99.3049531,98.69917392,91.57691257,20+
636761,2019,15,Amateur,white,right,250.5,71,320.5,84.31642351,651,334,24,354,167,118,287,86.23813632,80.32577827,86.38535593,Under 16
636967,2018,14,Amateur,black,left,383,87.5,253,93.43411837,655,490,129,253,276,46,253,98.98105799,98.82521602,82.49608109,Under 16
636969,2018,17,Amateur,black,left,525,50.5,306,88.70487678,740,525,16,343,525,85,269,94.57321492,89.95483779,81.58657764,16-19
637390,2019,21,Amateur,white,right,453,41.5,312,92.69798806,866,620,78,318,286,5,306,92.89613757,88.98014576,96.21768085,20+
638134,2018,20,College,white,right,377,63.5,259.5,89.63611682,945,490,53,290,264,74,229,92.44331703,88.81983069,87.64520273,20+
638298,2019,17,Amateur,NA,right,302,118.5,232.5,90.91615552,570,392,126,235,212,111,230,93.01504344,95.79849507,83.93492804,16-19
638498,2019,15,Amateur,white,right,327,129,318,94.58433237,656,465,168,252,189,90,384,93.15108332,97.78963709,92.81227671,Under 16
638804,2018,20,College,hispanic,right,300,59,337.5,97.43558385,792,450,67,402,150,51,273,97.80665513,98.83040032,95.66969609,20+
639279,2018,14,Amateur,black,left,NA,381.5,652.5,76.09557151,669,488,520,717,NA,243,588,94.23236447,62.79370791,71.26064215,Under 16
639968,2018,20,College,white,right,335.5,53.5,284.5,92.6008115,665,412,79,281,259,28,288,95.03663886,99.67477446,83.09102119,20+
640270,2018,16,Amateur,black,left,347.5,96.5,277,90.12422723,838,478,76,290,217,117,264,95.84013001,86.6747951,87.85775659,16-19
640304,2018,15,Amateur,hispanic,right,351,75,319.5,97.44688625,633,468,108,329,234,42,310,97.83512071,98.54282479,95.96271326,Under 16
640568,2019,20,College,white,right,338,92.5,251.5,93.60204811,930,490,59,242,186,126,261,91.7952604,90.078492,98.93239192,20+
641107,2018,21,College,white,right,525.5,68,289.5,89.43341045,647,652,93,242,399,43,337,95.22113633,98.86729809,74.21179693,20+
641351,2018,15,Amateur,white,right,472,101.5,280.5,92.17928973,900,531,112,274,413,91,287,95.93908175,86.59471847,94.00406898,Under 16
641416,2019,16,Amateur,black,right,417.5,35,299.5,84.88511387,840,467,41,298,368,29,301,86.39412998,84.29476903,83.96644259,16-19
641597,2018,20,College,white,right,325,41.5,310,87.63528797,582,474,29,335,176,54,285,94.80425916,87.57583416,80.5257706,20+
641837,2018,17,Amateur,white,right,394,43,305,89.08095111,802,475,29,317,313,57,293,92.73572976,78.43680665,96.07031691,16-19
641972,2018,21,College,white,left,409.5,31.5,266,91.44515516,531,514,33,277,305,30,255,94.33961697,96.77967025,83.21617825,20+
642049,2019,20,Amateur,NA,right,439.5,58,260,96.48709415,748,517,98,240,362,18,280,93.35526316,97.95487406,98.15114522,20+
642134,2018,20,College,hispanic,right,265,81.5,268.5,94.15432117,704,342,98,259,188,65,278,97.77958349,96.74797891,87.93540112,20+
642319,2019,20,Amateur,white,right,367,16,309,94.83280137,671,525,18,316,209,14,302,93.74129815,92.98676082,97.77034514,20+
642496,2018,20,College,american-indian,right,378.5,105.5,213,92.67613996,588,510,96,233,247,115,193,97.74267842,99.33333313,80.95240833,20+
642499,2018,20,College,white,right,361.5,36,249,98.65734634,465,456,37,245,267,35,253,98.88624191,99.65277061,97.4330265,20+
642505,2018,16,Amateur,black,right,377,139,271,93.72278822,636,465,102,262,289,176,280,97.62260926,97.12837046,86.41738494,16-19
643015,2019,20,Amateur,white,right,180.5,159.5,258.5,96.17587512,1028,237,254,232,124,65,285,92.07791264,98.92128427,97.52842845,20+
643360,2018,22,College,other,right,NA,NA,296,95.69515067,558,605,110,309,NA,NA,283,98.93938407,98.9323909,89.21367705,20+
643430,2019,16,Amateur,white,right,429,92.5,258.5,96.31946764,643,509,111,280,349,74,237,95.23901559,95.29486231,98.42452502,16-19
643742,2018,15,Amateur,white,left,323.5,59.5,301.5,97.60820049,816,380,45,329,267,74,274,98.74815246,99.68554078,94.39090824,Under 16
643935,2019,16,Amateur,latinamerican,right,200.5,12.5,294.5,94.52231272,491,174,13,294,227,12,295,94.22250316,89.75584562,99.58858938,16-19
644042,2019,21,Amateur,white,right,255,54,305,89.82376549,474,264,79,299,246,29,311,79.8636602,91.51261338,98.09502289,20+
644140,2019,14,Amateur,white,right,293.5,52.5,376.5,90.19942116,605,417,94,305,170,11,448,90.61475947,83.34461471,96.6388893,Under 16
644180,2019,20,Amateur,latinamerican,left,328.5,76.5,268,90.45644847,501,419,84,281,238,69,255,83.02060469,94.54595247,93.80278826,20+
644192,2018,21,College,asian,right,354.5,68,281.5,98.32623888,669,424,77,283,285,59,280,99.20347638,99.61760011,96.15764015,20+
644442,2019,19,Amateur,black,right,488,26,280.5,96.19307113,833,693,19,297,283,33,264,93.41895281,95.76786832,99.39239225,16-19
644572,2019,15,Amateur,white,right,369.5,39,311.5,93.44204583,722,489,32,318,250,46,305,93.69952613,88.97631973,97.65029164,Under 16
644751,2018,14,Amateur,asian,left,340,343,488,93.61778252,538,434,343,544,246,343,432,92.53858746,93.4318436,94.88291651,Under 16
644770,2018,14,Amateur,black,right,352.5,69,273.5,70.06632323,872,433,78,248,272,60,299,71.27474421,57.40734917,81.51687631,Under 16
645122,2018,20,College,white,right,373,63,266,98.73644219,589,506,73,267,240,53,265,99.04306846,99.43502518,97.73123293,20+
645159,2018,14,Amateur,hispanic,right,424,94.5,279,90.16363063,723,570,122,257,278,67,301,95.71537703,90.92465019,83.85086468,Under 16
645291,2019,20,College,white,left,344.5,53.5,323.5,96.1822335,524,435,36,279,254,71,368,92.58727569,96.46394197,99.49548284,20+
645846,2018,20,College,hispanic,right,426.5,308.5,320,95.66140377,634,451,309,313,402,308,327,99.36079156,99.84566908,87.77775066,20+
645857,2018,20,College,white,right,401,80,281,90.81967558,980,513,107,284,289,53,278,91.39009544,92.65735747,88.41157382,20+
645908,2019,16,Amateur,white,right,338,49,302.5,91.09957732,986,474,45,286,202,53,319,85.64335367,90.33420478,97.32117351,16-19
646052,2018,15,Amateur,hispanic,right,287.5,108.5,270,95.63633328,521,326,88,279,249,129,261,93.40848742,97.66719762,95.83331479,Under 16
646063,2019,19,Amateur,white,right,314,44.5,273,96.51933778,592,410,25,272,218,64,274,94.70003921,98.27182385,96.58615029,16-19
646088,2018,13,Amateur,white,right,469,63,301.5,88.49326727,1056,486,38,331,452,88,272,97.69760816,88.24592151,79.53627214,Under 16
646169,2019,20,Amateur,white,right,271.5,4.5,312,94.13138763,642,406,9,290,137,0,334,90.20994979,94.89658031,97.28763279,20+
646187,2018,20,College,white,right,395.5,57.5,268.5,92.33568303,716,559,46,291,232,69,246,91.43080725,94.385968020000007,91.19027381,20+
646230,2018,21,College,white,right,350,51,321.5,95.96354009,620,366,55,316,334,47,327,99.70567227,98.83913447,89.34581354,20+
646283,2019,20,Amateur,white,left,387.5,56,299,96.78767313,386,538,47,285,237,65,313,92.55982688,99.50373016,98.29946235,20+
646800,2019,16,Amateur,white,right,485,20,328.5,92.42214804,587,542,23,296,428,17,361,88.61068904,93.33811526,95.31763982,16-19
646832,2018,20,College,white,left,362,115,304.5,96.87208295,490,423,58,327,301,172,282,98.9675494,99.31153278,92.33716667,20+
647124,2019,20,Amateur,white,right,318.5,35.5,332.5,96.82287572,571,396,50,331,241,21,334,96.19756958,94.56822299,99.7028346,20+
647229,2018,20,College,white,right,511.5,235,391.5,91.28613028,823,734,431,509,289,39,274,94.57601468,96.87495371,82.40742246,20+
647556,2018,20,Amateur,white,right,514,49,285,96.98128124,607,691,47,275,337,51,295,98.34337179,98.181842,94.41862994,20+
648104,2019,20,Amateur,white,both,507.5,211.5,154.5,93.43577057,669,625,79,308,390,344,1,90.83088687,92.76485421,96.71157064,20+
648184,2018,21,College,white,right,563.5,215.5,334.5,94.33599048,945,793,357,424,334,74,245,98.60805528,99.66443704,84.73547912,20+
648641,2019,21,Amateur,white,right,278,13.5,329.5,91.59818185,884,394,17,333,162,10,326,89.88288229,88.66659484,96.24506841,20+
649174,2019,20,Amateur,black,right,393,35,320,93.69467039,814,378,24,299,408,46,341,91.38975827,94.59012737,95.10412553,20+
649265,2018,20,College,white,right,365.5,81,312.5,98.47167167,743,486,117,218,245,45,407,99.22097463,98.86731267,97.3267277,20+
649367,2018,16,Amateur,other,right,557.5,196.5,452.5,94.30946341,860,846,381,561,269,12,344,98.612122780000007,99.5461521,84.77011535,16-19
649976,2019,20,Amateur,white,right,323.5,10,280.5,94.12557325,662,390,11,278,257,9,283,91.10409264,92.47095436,98.80167276,20+
650077,2018,20,College,black,right,NA,NA,406,96.82378345,717,521,450,520,NA,NA,292,99.09688511,98.70967517,92.66479007,20+
650131,2018,20,College,white,right,439,242.5,304,94.51115287,255,627,376,396,251,109,212,99.33430774,98.28126297,85.9178879,20+
650690,2019,18,Amateur,white,right,566.5,68,285,91.82144219,688,780,107,266,353,29,304,93.30260493,88.06214272,94.09957892,16-19
651057,2019,17,Amateur,latinamerican,right,376,35.5,260,96.59076615,1394,480,21,264,272,50,256,94.19566728,96.66539034,98.91124084,16-19
651203,2019,20,Amateur,black,right,252,76,236.5,96.56751226,597,313,92,230,191,60,243,94.53359079,96.35053264,98.81841334,20+
651340,2018,21,College,hispanic,right,339.5,36.5,280.5,96.80381262,620,411,33,281,268,40,280,99.63582358,99.68651436,91.08909991,20+
651342,2019,14,Amateur,white,right,517,54.5,288,95.00854332,763,567,55,282,467,54,294,91.16112684,97.07792117,96.78658195,Under 16
651432,2019,15,Amateur,white,right,659,66,312.5,92.34849814,644,490,88,344,828,44,281,90.80938802,89.19393215,97.04217424,Under 16
651461,2019,16,Amateur,hispanic,right,325.5,243.5,208,92.95045053,795,356,209,220,295,278,196,90.11351153,95.08043178,93.65740828,16-19
651475,2018,21,College,white,right,316,38,343,91.90085024,531,434,38,334,198,38,352,94.81053766,99.83580071,81.05621235,20+
651603,2018,20,College,white,right,514.5,54.5,258,99.02509152,805,598,69,264,431,40,252,99.47877013,99.45847938,98.13802505,20+
651871,2019,17,Amateur,white,left,326,58,370,94.68696147,553,397,78,364,255,38,376,93.71465388,92.13416057,98.21206995,16-19
652085,2018,17,Amateur,black,right,340.5,67.5,267,93.01667766,657,421,79,254,260,56,280,96.74737029,95.29410536,87.00855732,16-19
652485,2018,15,Amateur,black,right,1235,391,533,83.53811271,1049,1492,474,800,978,308,266,91.48773627,82.74856596,76.37803589,Under 16
652509,2018,22,College,white,right,309.5,59,267.5,98.58372283,613,395,90,252,224,28,283,98.69732025,98.70370537,98.35014288,20+
652641,2019,21,Amateur,NA,both,386,26,293,97.28969901,516,421,30,285,351,22,301,92.91008922,99.64371669,99.31529113,20+
652906,2018,21,College,white,right,NA,163.5,339.5,88.90076469,987,546,185,343,NA,142,336,92.32977082,99.71551088,74.65701237,20+
652923,2018,22,College,white,both,327.5,120,307,97.69997189,1097,433,69,325,222,171,289,98.01134899,98.62747671,96.46108997,20+
652941,2018,20,College,white,right,321.5,273.5,422,90.7571138,778,526,367,473,117,180,371,99.41175197,90.16395225,82.69563718,20+
653205,2019,17,Amateur,pacificislander,right,395.5,100,285.5,92.3378835,518,355,89,285,436,111,286,90.15942438,90.49066139,96.36356472,16-19
653614,2018,21,College,white,right,408,48.5,267.5,95.75401787,830,512,32,280,304,65,255,99.21765033,99.0275479,89.01685539,20+
653629,2018,22,College,white,right,295,130,298,97.76466325,697,424,156,254,166,104,342,99.8525112,99.50496249,93.93651607,20+
653712,2018,15,Amateur,black,left,444.5,73,321,NA,935,624,84,335,265,62,307,NA,82.43670086,88.64969352,Under 16
654023,2018,21,College,asian,right,294,89.5,265,96.905896,660,381,54,302,207,125,228,98.3011505,98.92307532,93.49346218,20+
654040,2019,14,Amateur,white,left,300,39,236.5,93.49464401,732,334,17,263,266,61,210,89.28501851,95.45261274,95.74630079,Under 16
654157,2019,21,Amateur,white,right,456,57.5,276,93.73969855,606,561,76,269,351,39,283,93.89850207,87.76189753,99.55869604,20+
654185,2019,15,Amateur,latinamerican,right,542.5,38,312.5,93.64000276,886,681,61,308,404,15,317,93.74841972,89.40318407,97.76840449,Under 16
654189,2018,21,College,white,left,441.5,38,269.5,96.25009563,741,600,37,277,283,39,262,99.84961411,98.82355648,90.07711631,20+
654272,2018,15,Amateur,native-hawaiian,right,393,86.5,391.5,96.17513803,657,436,92,447,350,81,336,95.53029195,96.18874061,96.80638154,Under 16
654357,2018,15,Amateur,white,right,383.5,60,317,95.37390796,748,409,86,326,358,34,308,98.42578252,99.01318128,88.68276009,Under 16
654442,2018,15,Amateur,white,right,306,15,338,92.74794592,733,408,3,325,204,27,351,96.01203581,94.63414948,87.59765248,Under 16
654565,2019,20,Amateur,white,left,431,42,261.5,96.0243699,1049,597,35,264,265,49,259,93.0153887,96.35231908,98.70540193,20+
654586,2018,20,College,white,right,324.5,194.5,328,95.90084991,990,431,48,298,218,341,358,95.29014876,99.19352414,93.21887682,20+
654900,2018,20,College,white,right,304,44.5,283.5,98.43200343,633,386,61,272,222,28,295,99.71367886,99.68403724,95.89829419,20+
655107,2019,21,Amateur,white,right,425.5,22.5,294.5,94.90648919,634,563,26,297,288,19,292,94.55669577,93.54944816,96.61332365,20+
655233,2019,17,Amateur,white,right,529,68.5,260.5,92.06967685,668,721,122,248,337,15,273,94.28155404,84.01779983,97.90967667,16-19
655263,2019,20,College,white,right,357,14.5,311,97.32081492,554,446,14,336,268,15,286,94.89056041,97.4530319,99.61885246,20+
655633,2019,19,Amateur,white,right,519.5,94.5,328.5,92.4211897,742,856,163,315,183,26,342,94.63485368,85.67503812,96.95367729,16-19
656158,2018,15,Amateur,white,left,341,39,372.5,94.92151563,661,418,33,409,264,45,336,96.47060195,93.27734845,95.01659648,Under 16
656380,2019,20,Amateur,latinamerican,right,256.5,26.5,336.5,94.26762755,512,339,41,360,174,12,313,93.40830787,90.65052671,98.74404808,20+
656936,2019,15,Amateur,filipino,right,373.5,56.5,272,95.39375928,705,416,102,256,331,11,288,94.54062115,95.41248184,96.22817484,Under 16
657523,2019,20,College,white,right,389,54,319.5,96.24646836,809,460,74,357,318,34,282,95.40513505,94.43987862,98.8943914,20+
657876,2019,19,Amateur,white,right,372.5,11.5,340.5,95.99452525,486,458,9,365,287,14,316,94.59094417,93.88973369,99.50289788,16-19
658144,2019,21,Amateur,white,right,427.5,75.5,275,95.83183722,598,594,128,265,261,23,285,93.47253326,95.34313128,98.67984711,20+
658184,2018,15,Amateur,white,right,NA,45727.5,NA,98.72804399,827,1935,957,504,NA,90498,NA,99.7857121,99.5057601,96.89265978,Under 16
658313,2018,15,Amateur,black,right,386,235,390.5,96.95263957,740,572,421,457,200,49,324,98.98476607,94.97204661,96.90110604,Under 16
658383,2019,19,Amateur,white,right,404.5,47,275.5,95.35123538,750,506,41,262,303,53,289,95.23114678,92.00256491,98.81999446,16-19
658634,2018,19,College,white,right,355,36,300,92.47270831,694,441,35,309,269,37,291,97.29333962,95.77465384,84.35013146,16-19
658709,2018,20,College,white,right,421.5,30,276.5,97.92229941,551,671,41,251,172,19,302,98.25674524,98.77622003,96.73393296,20+
658749,2018,15,Amateur,white,right,328.5,51,312.5,92.483299,686,423,44,328,234,58,297,97.47399056,94.21769473,85.7582117,Under 16
658800,2018,20,Amateur,other,right,NA,165,275,83.69206678,579,485,85,253,NA,245,297,97.36262312,97.73828326,55.97529395,20+
658962,2018,20,College,white,right,NA,NA,381,96.47336319,483,409,370,497,NA,NA,265,94.97443814,97.67442266,96.77122877,20+
659151,2018,20,College,hispanic,right,376,29,262,93.47198752,839,500,30,254,252,28,270,94.85136468,91.28208515,94.28251272,20+
659312,2019,15,Amateur,black,left,1247,120,302.5,95.60045253,963,1057,58,300,1437,182,305,92.88129106,96.10205127,97.81801527,Under 16
659597,2018,13,Amateur,black,both,420.5,123,360.5,88.45473255,889,468,158,425,373,88,296,93.09542034,98.65768445,73.61109287,Under 16
659681,2018,20,College,white,right,350,105.5,262,95.42948664,657,454,132,226,246,79,298,96.71504303,96.6514573,92.9219596,20+
659740,2018,21,College,white,right,562.5,59.5,294.5,91.01027165,852,577,84,280,548,35,309,94.36233646,90.89256654,87.77591194,20+
659760,2018,20,College,white,right,364.5,57.5,269.5,94.94390329,530,470,24,279,259,91,260,98.91382976,98.761089,87.15679111,20+
660134,2018,14,Amateur,hispanic,right,579.5,56,291,96.53371801,845,739,76,302,420,36,280,97.7391186,97.46375127,94.39828415,Under 16
660217,2019,20,Amateur,white,right,NA,NA,NA,94.74608255,700,NA,NA,NA,196,111,214,92.76248726,94.25790728,97.21785312,20+
660479,2018,14,Amateur,hispanic,right,479,38.5,369,83.92325811,1051,677,5,421,281,72,317,93.05074203,84.7409012,73.9781311,Under 16
660863,2019,19,Amateur,white,right,NA,NA,NA,NA,NA,NA,NA,NA,NA,NA,NA,91.19684825,90.63042805,NA,16-19
660912,2019,15,Amateur,black,right,NA,NA,NA,90.9822865,674,NA,NA,NA,487,22,266,90.51109617,91.23426388,91.20149945,Under 16
661036,2018,21,College,white,right,NA,248,343,96.33769633,633,457,85,364,NA,411,322,95.62145943,98.04510626,95.3465233,20+
661524,2019,20,Amateur,white,right,307,28.5,299,95.00872997,571,354,35,302,260,22,296,94.08930292,91.93271938,99.00416761,20+
661696,2018,15,Amateur,white,left,494,311,386.5,98.46458245,722,694,448,499,294,174,274,96.85641526,99.51455865,99.02277343,Under 16
661833,2019,20,Amateur,white,both,379,50,284.5,92.17907406,509,507,18,307,251,82,262,90.64522586,88.23063093,97.66136538,20+
661988,2019,20,Amateur,white,right,338,44.5,306.5,94.79139805,649,452,20,289,224,69,324,92.86868817,92.4026292,99.10287678,20+
662364,2019,20,Amateur,white,right,359.5,139,247,96.09535665,899,467,120,238,252,158,256,94.19391926,95.07746444,99.01468625,20+
662486,2018,19,College,white,right,425,191,309.5,96.83634418,631,537,334,350,313,48,269,98.82266351,97.975093,93.71127603,16-19
662501,2019,16,Amateur,white,right,356,51.5,288.5,93.74518818,556,482,46,315,230,57,262,87.78947368,94.02466824,99.42142263,16-19
662513,2018,19,College,other,right,426,177,335.5,95.28348264,520,487,29,299,365,325,372,97.8947429,97.73830848,90.21739654,16-19
662632,2018,20,College,white,left,333.5,58,285,97.36751289,622,421,43,298,246,73,272,97.79344448,97.95082814,96.35826606,20+
662833,2018,17,Amateur,white,left,452,45.5,269.5,93.35811619,865,560,54,264,344,37,275,93.78317177,94.72140449,91.56977231,16-19
662887,2018,16,Amateur,white,right,408,240.5,437,90.28688819,840,618,421,487,198,60,387,95.16869044,95.88332482,79.8086493,16-19
662915,2018,20,College,white,right,345,49.5,252,96.2751807,704,404,70,233,286,29,271,95.93870952,98.51238769,94.3744449,20+
663004,2019,20,Amateur,white,both,NA,NA,NA,93.5160391,489,NA,NA,NA,499,0,283,91.88989594,97.46284502,91.19537633,20+
663215,2019,17,Amateur,white,right,302.5,22.5,302,96.28830603,552,381,26,324,224,19,280,93.32383167,96.82774515,98.713341260000007,16-19
663310,2018,15,Amateur,white,right,405,220.5,322,91.6021613,882,485,195,338,325,246,306,95.9648261,92.45303895,86.38861884,Under 16
663351,2018,16,Amateur,hispanic,right,449,574.5,465,88.51975071,621,447,413,415,451,736,515,96.33253196,93.96984318,75.256877,16-19
663686,2019,17,Amateur,white,right,293.5,24,330,91.16735013,442,373,30,314,214,18,346,86.24176398,90.01228019,97.24800623,16-19
663859,2019,21,Amateur,white,right,438,40,269.5,91.55039354,707,519,40,256,357,40,283,85.64508426,94.02868239,94.97741398,20+
663931,2019,14,Amateur,latinamerican,right,371,154.5,284.5,92.65614821,1106,446,154,271,296,155,298,90.87346397,94.51999622,92.57498443,Under 16
663938,2018,15,Amateur,white,right,473.5,66.5,299.5,95.8774668,931,676,56,307,271,77,292,99.06321659,94.80524797,93.76393584,Under 16
663948,2019,20,Amateur,white,right,548.5,62.5,292,94.82732201,664,635,45,304,462,80,280,90.50204394,95.8630165,98.1169056,20+
664182,2018,17,Amateur,white,right,431,31.5,278.5,95.09637874,1351,583,31,286,279,32,271,96.54178947,97.70116115,91.0461856,16-19
664642,2019,15,Amateur,white,right,423.5,88.5,290.5,94.73629138,813,376,117,317,471,60,264,89.76990248,95.30850831,99.13046334,Under 16
664704,2019,20,Amateur,black,right,368.5,26.5,296.5,93.27638834,520,450,15,282,287,38,311,91.62891471,90.25595962,97.94429069,20+
664871,2018,14,Amateur,white,right,384.5,96,281.5,96.79333553,1071,510,40,269,259,152,294,97.65990818,99.81582492,92.90427348,Under 16
664913,2019,20,Amateur,white,right,337.5,90,261.5,94.59460306,611,464,101,274,211,79,249,93.69153796,90.35511555,99.73715567,20+
664920,2018,17,Amateur,white,right,354.5,58.5,285,97.03444343,590,490,49,311,219,68,259,99.64157183,99.33993198,92.12182648,16-19
665120,2019,20,Amateur,white,right,563.5,28.5,303.5,97.18942531,568,662,40,304,465,17,303,92.91323623,99.32158894,99.33345075,20+
665136,2018,20,College,white,right,464,128.5,291.5,90.24561252,NA,514,101,284,414,156,299,98.42342968,97.00148856,75.31191931,20+
665192,2018,20,College,hispanic,right,482,77,281.5,96.83766405,890,641,85,291,323,69,272,97.747754080000007,98.42930579,94.33593228,20+
665267,2019,21,Amateur,white,right,367.5,58,256.5,91.75892331,1020,524,63,240,211,53,273,93.72352213,84.76156609,96.79168172,20+
665846,2019,20,College,white,right,421,76.5,266.5,96.43805825,695,595,83,230,247,70,303,92.91735811,97.12871214,99.26810451,20+
665937,2019,20,Amateur,white,left,337,15,282.5,95.26302715,549,448,16,284,226,14,281,92.3945213,94.2490736,99.14548654,20+
665940,2018,21,College,white,left,333,127.5,267.5,94.42418244,659,436,131,276,230,124,259,94.42376304,95.3358224,93.51296187,20+
666129,2019,16,Amateur,white,both,291,23,278.5,92.95241064,443,381,32,281,201,14,276,92.12633737,94.28176306,92.44913149,16-19
666329,2019,17,Amateur,white,right,NA,NA,NA,90.66717816,907,NA,NA,NA,268,142,214,90.75456053,92.67983522,88.56713872,16-19
666501,2018,17,Amateur,white,right,312.5,93.5,284,97.82203236,842,428,42,315,197,145,253,99.70193017,97.97794891,95.786218,16-19
666914,2019,21,Amateur,white,left,369,26.5,286.5,96.27053704,1021,490,17,266,248,36,307,93.84513567,98.04668605,96.91978939,20+
667295,2018,20,College,white,right,525.5,84.5,272.5,94.86514635,711,757,48,287,294,121,258,93.88335664,95.84838663,94.86369578,20+
667362,2018,21,Amateur,white,left,309.5,104,419,82.08650045,612,461,142,418,158,66,420,91.07145787,85.12816636,70.05987712,20+
667401,2019,20,Amateur,white,right,324,48.5,279.5,95.97973672,673,404,6,310,244,91,249,93.55232708,95.57076944,98.81611364,20+
667556,2018,19,College,white,right,337.5,50.5,260,96.86208543,543,395,58,265,280,43,255,99.34449582,99.16527887,92.0764816,16-19
667759,2018,22,College,white,right,NA,253,387.5,79.95304037,NA,483,400,422,NA,106,353,88.52460771,98.50966295,52.82485046,20+
667797,2018,17,Amateur,black,right,501.5,98.5,332,92.20861202,616,642,175,270,361,22,394,95.31915598,90.72849805,90.57818204,16-19
668037,2018,15,Amateur,white,right,377,8,419.5,89.65182207,756,644,10,445,110,6,394,98.20761476,99.85358974,70.8942617,Under 16
668671,2018,17,Amateur,white,left,263.5,57,374.5,93.95948978,697,347,43,370,180,71,379,96.84464856,99.51767984,85.51614095,16-19
668961,2018,19,College,white,right,429,75,286,95.81518017,NA,632,45,273,226,105,299,98.80198999,98.14126593,90.50228458,16-19
669110,2019,17,Amateur,hispanic,right,523.5,18.5,310,96.91871832,660,642,22,310,405,15,310,94.30846931,97.33147887,99.11620677,16-19
669217,2018,13,Amateur,white,right,447,28.5,337,89.87079252,713,501,35,300,393,22,374,91.23748209,93.31160148,85.06329399,Under 16
669913,2018,15,Amateur,white,right,NA,NA,797.5,90.00733461,839,1024,9,603,NA,NA,992,91.87210495,89.50182011,88.64807877,Under 16
670036,2019,19,Amateur,asian,right,NA,NA,NA,94.58980149,401,NA,NA,NA,NA,NA,NA,93.56546376,95.09606063,95.10788008,16-19
670203,2018,21,College,white,right,309.5,70.5,276.5,91.4515139,550,415,53,263,204,88,290,92.25092224,95.52465749,86.57896196,20+
670272,2018,20,College,white,both,370.5,112,260,93.42581438,733,477,130,266,264,94,254,95.27027973,96.85041311,88.15675031,20+
671014,2018,15,Amateur,white,right,375.5,51,332,90.73010009,690,480,69,347,271,33,317,96.10982488,99.67898,76.40149539,Under 16
671031,2018,16,Amateur,hispanic,right,635,215,345,87.82682391,739,817,346,402,453,84,288,95.75853213,95.66983208,72.05210753,16-19
671075,2019,23,Amateur,white,right,380.5,220.5,264,95.27461343,784,483,270,286,278,171,242,95.3592178,95.19391892,95.27070356,20+
671135,2018,15,Amateur,hispanic,left,434.5,79,303,94.42433092,524,519,81,311,350,77,295,99.12975051,96.76055877,87.38268347,Under 16
672448,2019,18,Amateur,black,right,NA,NA,NA,94.53108239,632,NA,NA,NA,NA,NA,NA,89.47919393,97.9250225,96.18903075,16-19
673065,2018,17,Amateur,white,right,485.5,66.5,308.5,86.89908606,609,605,119,318,366,14,299,93.61706235,98.01978035,69.06041548,16-19
673187,2018,14,Amateur,white,left,661.5,68,304,95.19913929,717,945,90,292,378,46,316,99.28875678,99.84250977,86.46615133,Under 16
673286,2018,20,College,white,left,224.5,235.5,433.5,84.69848517,603,310,414,443,139,57,424,92.65093464,84.52768703,76.91683383,20+
673530,2018,20,College,black,right,NA,20.5,381,97.09576675,809,455,17,462,NA,24,300,97.68739165,98.96903739,94.63087121,20+
673832,2018,16,Amateur,white,right,327,98.5,366,84.465877,979,433,119,352,221,78,380,82.10832356,81.28929056,90.00001689,16-19
674674,2018,20,College,white,right,364,120,247.5,98.77735017,610,386,99,260,342,141,235,98.56604466,98.45093976,99.31506608,20+
674843,2018,17,Amateur,white,right,420,203.5,332.5,95.94179619,858,581,330,396,259,77,269,99.13295499,94.03221919,94.66021438,16-19
674926,2019,17,Amateur,white,right,382.5,27.5,275.5,92.8925234,656,455,41,273,310,14,278,93.00919842,86.19113875,99.47723302,16-19
675409,2018,20,College,white,right,396.5,52,296.5,98.46233575,798,481,58,313,312,46,280,99.65156908,99.68651334,96.04892482,20+
675439,2019,16,Amateur,white,left,448.5,54,272,92.19895183,1051,505,13,323,392,95,221,90.14967379,87.86796576,98.57921595,16-19
676073,2019,15,Amateur,black,right,388.5,38,269,90.82178237,624,537,65,265,240,11,273,88.48355286,89.55983832,94.42195593,Under 16
676194,2019,20,Amateur,white,right,352.5,31,280,95.63780618,758,446,12,301,259,50,259,92.28541338,94.9193785,99.70862667,20+
676306,2019,17,Amateur,white,right,548,52.5,268,94.25258784,952,826,88,252,270,17,284,94.08650742,94.91372424,93.75753185,16-19
676539,2019,21,Amateur,white,right,401.5,13,269.5,93.49120286,844,545,17,268,258,9,271,95.81490527,86.46285974,98.19584356,20+
676603,2019,20,Amateur,white,right,421,48.5,298,90.97820546,653,465,27,299,377,70,297,85.62939999,89.79794101,97.50727539,20+
677083,2018,16,Amateur,white,right,NA,NA,NA,82.82751136,639,NA,NA,NA,NA,90478,NA,91.55789035,86.05974335,70.86490037,16-19
677093,2018,14,Amateur,hispanic,right,376.5,70,256,97.28110539,675,495,45,272,258,95,240,98.38838659,98.8805688,94.57436078,Under 16
677258,2018,22,College,white,right,388.5,133,259.5,93.77419605,931,558,136,265,219,130,254,98.8811156,97.12118996,85.32028258,20+
677379,2018,15,Amateur,black,right,NA,NA,577.5,86.98039895,780,1175,294,788,NA,NA,367,94.87768008,94.0000097,72.06350706,Under 16
677533,2018,21,Amateur,white,right,397.5,42,289,97.29053399,552,511,52,299,284,32,279,98.87955357,98.44661288,94.54543552,20+
677711,2018,14,Amateur,hispanic,right,335.5,256,361,89.91273974,581,421,378,420,250,134,302,96.08179692,89.44102992,84.21539237,Under 16
677753,2019,21,Amateur,white,right,274,40.5,291,95.04694178,615,354,53,279,194,28,303,91.69020366,95.69926549,97.75135618,20+
677790,2018,20,College,hispanic,right,376.5,102,281,96.47758317,689,506,138,287,247,66,275,99.56803288,98.46153766,91.40317896,20+
677830,2018,21,College,white,right,399,63,276,95.24523836,537,551,83,263,247,43,289,97.12601003,97.60587846,91.00382659,20+
678172,2019,17,Amateur,latinamerican,right,295.5,24,260,87.38860966,1034,508,26,263,83,22,257,86.87603993,80.77614486,94.51364418,16-19
678266,2018,17,Amateur,black,right,427,107,246.5,80.43600519,867,618,80,247,236,134,246,90.85445474,80.56217908,69.89138175,16-19
678864,2019,15,Amateur,white,right,531,32.5,319.5,96.08262785,996,599,24,328,463,41,311,95.14831735,93.60785091,99.49171529,Under 16
679039,2019,15,Amateur,white,right,319.5,64,319.5,93.53539166,1193,362,100,290,277,28,349,90.122476,94.60034048,95.88335849,Under 16
679168,2019,15,Amateur,latinamerican,right,188,53,356.5,92.41647582,942,271,84,419,105,22,294,89.98165979,90.20650627,97.06126141,Under 16
679427,2018,15,Amateur,black,right,550.5,56,276,89.36017643,874,659,35,290,442,77,262,89.92423313,93.16767989,84.98861627,Under 16
679463,2019,20,Amateur,white,both,355.5,19.5,296.5,95.43403431,682,514,20,299,197,19,294,93.93462241,93.18222762,99.1852529,20+
680224,2019,17,Amateur,white,right,379,15.5,278.5,96.53307276,572,439,22,267,319,9,290,92.44813821,97.96723111,99.18384897,16-19
681301,2019,19,Amateur,asian,right,316,59,301,90.8259968,689,406,76,296,226,42,306,88.64318103,88.37579814,95.45901123,16-19
681369,2019,17,Amateur,white,right,461.5,45,325.5,91.80768948,601,645,42,326,278,48,325,89.27978988,87.65542538,98.48785317,16-19
681596,2018,19,Amateur,white,right,344.5,41,263,92.6313075,634,424,40,270,265,42,256,99.47917106,96.33757183,82.0771796,16-19
681705,2018,20,College,white,left,377,104,267.5,97.15558047,902,474,58,257,280,150,278,96.85534971,99.82077676,94.79061495,20+
682784,2018,14,Amateur,white,right,432,3,408,89.53589878,807,567,0,397,297,6,419,96.16235328,95.03204767,77.4132954,Under 16
682914,2019,20,Amateur,white,right,322.5,38,274,94.69700628,752,401,19,296,244,57,252,93.91557112,93.16718569,97.00826202,20+
682924,2018,19,College,white,right,282,49,335,93.94229932,605,376,36,382,188,62,288,95.33867925,92.56867365,93.91954505,16-19
683005,2019,14,Amateur,white,right,328.5,40.5,286,95.18758783,462,436,16,293,221,65,279,92.30717684,95.51847863,97.73710801,Under 16
683006,2018,17,Amateur,native-hawaiian,right,NA,116,345,96.54438305,778,341,25,375,NA,207,315,98.00591482,99.19741818,92.42981614,16-19
683169,2018,17,Amateur,hispanic,left,567.5,147,354.5,88.75693757,654,788,171,375,347,123,334,98.04949773,93.41217876,74.80913623,16-19
683520,2019,15,Amateur,latinamerican,right,NA,NA,NA,84.35706018,593,NA,NA,NA,241,191,198,84.43123021,84.11871583,84.52123451,Under 16
683604,2018,14,Amateur,black,right,NA,291,438.5,95.52477017,759,299,136,403,NA,446,474,98.25626612,97.49999603,90.81804835,Under 16
683989,2019,19,Amateur,white,right,280,28,309.5,96.82273555,499,336,42,328,224,14,291,94.37942297,96.71497832,99.37380536,16-19
684307,2018,15,Amateur,asian,right,303,117.5,291,85.98698196,650,356,141,296,250,94,286,97.22431748,91.11745659,69.61917182,Under 16
684325,2018,17,Amateur,white,right,377,41,311,90.81541267,673,478,36,335,276,46,287,94.31239879,99.04610782,79.08773141,16-19
684954,2018,14,Amateur,white,right,371.5,144,286,88.66498803,620,498,126,299,245,162,273,93.09375072,93.79745238,79.10376099,Under 16
685063,2018,20,College,white,right,376,54.5,315,95.43134847,626,461,52,316,291,57,314,99.14651567,99.6598714,87.48765835,20+
685394,2019,18,Amateur,white,right,355,25.5,336,91.99515266,603,453,34,349,257,17,323,89.13709116,90.95336537,95.89500145,16-19
685672,2019,17,Amateur,white,right,338.5,24,273,94.13482909,644,432,18,287,245,30,259,91.40487231,93.15622535,97.84338961,16-19
685771,2018,19,College,white,right,456.5,63,380,96.5753955,653,531,43,365,382,83,395,95.25041929,97.68273649,96.79303073,16-19
685836,2019,16,Amateur,white,left,514.5,110,237,86.28140386,779,579,127,206,450,93,268,90.673788,76.60882384,91.56159975,16-19
686263,2018,15,Amateur,hispanic,right,902.5,238,462.5,59.79151899,788,1058,369,635,747,107,290,54.60163685,50.40896129,74.36395884,Under 16
686356,2018,19,College,white,right,432,42.5,259.5,96.09950336,699,532,45,281,332,40,238,96.55677257,98.7972357,92.94450181,16-19
686566,2019,17,Amateur,white,right,326.5,41,296,95.90230263,1032,413,37,281,240,45,311,94.60803059,94.43146407,98.66741323,16-19
686736,2018,15,Amateur,white,right,448.5,155,327,88.34913984,806,676,186,356,221,124,298,96.82538882,93.04470981,75.17732088,Under 16
686780,2019,18,Amateur,white,right,315,57,285,95.3804089,967,411,96,257,219,18,313,92.97092117,95.91080332,97.25950221,16-19
686987,2019,17,Amateur,white,right,347,52,278,92.64272041,607,439,17,285,255,87,271,92.35944578,88.06445439,97.50426107,16-19
687023,2018,21,Amateur,white,left,NA,NA,327.5,95.29988768,562,NA,205,300,NA,NA,355,97.95454153,99.62963791,88.3154836,20+
687347,2018,15,Amateur,white,right,353,231,317.5,86.3883282,645,472,376,280,234,86,355,92.41908324,84.29533405,82.45056732,Under 16
687612,2018,21,College,other,right,414.5,82,243.5,94.82243956,706,562,126,224,267,38,263,94.414666,95.00001235,95.05264033,20+
687792,2019,22,Amateur,white,right,327.5,30.5,284,94.6741312,508,357,47,296,298,14,272,92.57568638,92.55246073,98.89424648,20+
688030,2019,19,Amateur,white,right,248,60.5,333,97.20668454,547,323,109,350,173,12,316,94.37596302,97.79855575,99.44553485,16-19
688140,2018,16,Amateur,white,right,274,117,297,94.42637435,856,393,148,263,155,86,331,98.9847725,99.03847181,85.25587874,16-19
688183,2018,20,College,black,right,344,30.5,266,97.20215139,707,438,32,257,250,29,275,96.85442192,98.88001206,95.87202018,20+
688241,2018,20,College,white,left,478,215,358.5,89.72693038,737,754,360,430,202,70,287,90.51790829,89.1666469,89.49623595,20+
688597,2018,20,College,white,right,379.5,72,231,85.58417896,566,459,40,249,300,104,213,98.80450911,89.42952582,68.51850194,20+
689567,2018,21,College,hispanic,right,441,83,267,97.19803197,678,504,83,256,378,83,278,98.8612103,99.30797206,93.42491354,20+
689847,2018,15,Amateur,white,right,340.5,53.5,404,95.47285136,673,295,28,466,386,79,342,97.92824727,94.69581085,93.79449597,Under 16
690404,2018,20,College,white,right,296,29.5,374,98.41300582,683,371,21,425,221,38,323,99.24186123,98.26990655,97.72724969,20+
690808,2019,14,Amateur,white,right,273,107.5,271.5,93.3374378,528,376,131,277,170,84,266,93.0072339,92.0281402,94.97693931,Under 16
691101,2018,20,College,black,right,449.5,102.5,339.5,92.00937105,747,651,138,274,248,67,405,98.56734824,99.02754562,78.43321928,20+
691120,2018,19,College,white,right,284,221.5,413,94.933217,593,362,423,435,206,20,391,97.22223323,90.33985433,97.23756345,16-19
691371,2019,23,Amateur,black,left,303,119.5,253.5,91.88915881,693,269,150,270,337,89,237,93.13857779,87.14569102,95.38320761,20+
691424,2018,20,College,white,right,373.5,63.5,279,94.79497933,658,471,86,307,276,41,251,97.55195393,97.6391324,89.193851660000007,20+
691534,2018,16,Amateur,white,right,375.5,195.5,369,96.24576764,532,488,357,420,263,34,318,98.43015182,98.830415,91.4767361,16-19
691586,2018,21,College,white,right,408.5,47,295.5,95.98659293,704,535,32,301,282,62,290,99.29726895,98.91891243,89.74359742,20+
691818,2018,19,College,white,left,NA,1154,433,96.00161079,628,286,212,420,NA,2096,446,97.30974737,95.42483872,95.27024629,16-19
691858,2019,21,Amateur,white,right,289.5,45,319,92.10708392,1111,359,25,378,220,65,260,90.52538371,91.61830603,94.17756203,20+
692097,2019,21,Amateur,white,right,353.5,71.5,312,95.08204488,548,446,110,354,261,33,270,94.07526021,91.54574025,99.62513417,20+
692199,2019,21,College,asian,right,NA,NA,NA,93.62346947,636,347,46,347,NA,NA,NA,94.47081634,87.67972704,98.71986502,20+
692310,2018,15,Amateur,white,right,NA,213.5,349,93.02636882,762,577,26,361,NA,401,337,96.85671771,97.20279368,85.01959507,Under 16
692341,2019,15,Amateur,white,right,421,86.5,291.5,94.24250392,1331,417,116,275,425,57,308,93.1740136,90.46539412,99.08810403,Under 16
692484,2019,20,Amateur,white,right,252,27.5,276,93.94230528,723,329,40,268,175,15,284,92.34775061,90.77015443,98.7090108,20+
692684,2018,20,College,white,left,283.5,73,259.5,95.16002703,623,376,74,256,191,72,263,96.7547139,95.10269612,93.62267108,20+
692752,2018,20,College,white,right,488.5,83.5,285,96.01622471,821,714,142,277,263,25,293,99.15671949,98.54837936,90.34357529,20+
693236,2019,17,Amateur,latinamerican,both,420,29,272.5,83.70043132,696,547,11,287,293,47,258,87.96218487,82.17884259,80.9602665,16-19
693325,2018,21,College,white,right,348,43,296.5,94.00307189,626,440,30,326,256,56,267,95.38799265,97.83616305,88.78505996,20+
693382,2018,20,College,white,right,405.5,51.5,270,98.60862781,574,551,35,280,260,68,260,99.23723491,98.52940898,98.05923955,20+
693888,2019,17,Amateur,white,right,NA,NA,NA,94.51250023,844,NA,NA,NA,NA,NA,NA,94.12295399,90.93883958,98.47570711,16-19
694565,2018,19,College,white,right,310.5,108.5,253.5,87.56738118,639,372,151,256,249,66,251,98.49353809,99.45452628,64.75407916,16-19
694584,2019,20,Amateur,white,left,369.5,23.5,272,96.8680382,603,497,28,274,242,19,270,94.82056256,97.24318174,98.54037029,20+
694891,2018,16,Amateur,white,left,319,79.5,288.5,92.34634124,1398,445,108,262,193,51,315,97.62259157,95.21531217,84.20111997,16-19
695094,2018,20,College,white,right,353.5,49.5,273,96.36854893,689,395,37,282,312,62,264,99.57143154,99.13345437,90.40076087,20+
695298,2018,15,Amateur,white,left,524.5,82.5,330,94.38864166,646,563,72,311,486,93,349,94.84219282,98.51240678,89.81132537,Under 16
695479,2019,21,Amateur,white,right,402.5,18.5,294,96.48284295,618,516,20,301,289,17,287,93.61351984,96.10516924,99.72983977,20+
696191,2019,19,Amateur,white,both,362.5,56.5,343,92.78828924,732,485,63,301,240,50,385,92.12415131,88.63505057,97.60566583,16-19
696213,2019,18,Amateur,white,right,405.5,32,274,95.28695735,479,543,17,279,268,47,269,94.1369167,92.28075628,99.44319907,16-19
696380,2018,17,Amateur,white,right,359.5,66,270.5,90.64220925,833,478,45,261,241,87,280,95.39580066,91.41492583,85.11590126,16-19
696515,2019,17,Amateur,white,right,422,31,310.5,85.81800693,668,562,42,305,282,20,316,82.48158201,84.0779896,90.89444918,16-19
696636,2018,20,College,white,right,279,28,305.5,96.04517545,591,384,24,337,174,32,274,97.43006703,97.45332674,93.25213258,20+
696780,2019,14,Amateur,black,right,377.5,79,243.5,89.3133804,569,460,138,215,295,20,272,90.30894985,83.61411374,94.0170776,Under 16
696802,2018,21,College,hispanic,right,357,87,281.5,96.40375033,822,487,82,287,227,92,276,96.88230647,98.7096927,93.61925182,20+
697235,2018,20,College,white,right,395,100,267.5,94.54411717,857,475,88,255,315,112,280,94.18786786,98.90508556,90.5393981,20+
697409,2019,17,Amateur,black,both,461.5,44,340,87.84759422,582,484,16,414,439,72,266,87.49147456,78.66980794,97.38150016,16-19
697557,2019,18,Amateur,white,right,400,28.5,305.5,97.00553128,738,560,15,316,240,42,295,95.18777849,95.96544834,99.86336702,16-19
697671,2019,14,Amateur,white,right,370.5,118.5,283,92.62046168,714,470,122,292,271,115,274,90.04332238,94.45016567,93.367897,Under 16
698202,2018,14,Amateur,white,right,448.5,47,289,94.77833698,435,615,32,309,282,62,269,96.12954901,98.43750635,89.76795559,Under 16
698259,2018,20,College,white,right,403.5,25.5,338,97.13322123,743,474,18,387,333,33,289,98.36186373,94.95270241,98.08509756,20+
698478,2018,15,Amateur,hispanic,right,509,45.5,327.5,86.7932312,657,622,34,307,396,57,348,91.1736491,86.77780208,82.42824241,Under 16
698618,2018,20,College,white,right,349.5,65,366.5,93.03950945,558,470,96,334,229,34,399,94.93668601,90.62005563,93.5617867,20+
698661,2019,19,Amateur,white,left,411,86,257,89.78246172,774,503,46,292,319,126,222,89.41964674,88.06715491,91.8605835,16-19
698713,2018,16,Amateur,white,left,406,225.5,318.5,82.592104,793,492,358,382,320,93,255,87.13007602,86.5550976,74.09113838,16-19
698895,2018,20,College,white,right,294,73,294,93.84681715,620,331,110,290,257,36,298,97.6089028,92.46233096,91.4692177,20+
698993,2018,14,Amateur,hispanic,right,296.5,54.5,268,94.98561919,589,350,51,243,243,58,293,98.56321635,96.90551844,89.48812277,Under 16
699119,2018,21,College,white,right,401,208,546.5,89.58398464,1002,633,178,678,169,238,415,97.87232499,93.39776907,77.48185987,20+
699263,2019,17,Amateur,latinamerican,right,NA,NA,NA,96.21380854,477,NA,NA,NA,312,57,285,95.70842048,94.24095629,98.69204884,16-19
699335,2018,21,College,white,right,400,164,300,93.5017124,779,512,300,331,288,28,269,86.48860112,95.40539429,98.6111418,20+
699366,2019,21,Amateur,white,right,338.5,61.5,280,95.07766326,563,414,111,238,263,12,322,90.24019266,97.64958105,97.34321607,20+
699451,2018,14,Amateur,hispanic,right,409,80.5,239,92.48642365,590,452,113,241,366,48,237,94.31627983,88.85448213,94.28850899,Under 16
699627,2018,17,Amateur,black,right,310,63.5,376.5,96.68080102,682,428,64,470,192,63,283,98.89868217,91.48309052,99.66063038,16-19
699704,2019,20,Amateur,white,right,391.5,113,274,94.91790925,563,473,163,271,310,63,277,93.43441369,91.82056329,99.49875076,20+
699772,2019,15,Amateur,white,right,506,27.5,297.5,85.01828539,1023,463,19,282,549,36,313,85.70840875,84.91785296,84.42859445,Under 16
699822,2019,20,Amateur,NA,right,347,35.5,291,95.04542862,1009,475,56,274,219,15,308,93.63922804,91.93080297,99.56625486,20+
699938,2018,21,College,white,right,386,231,357,92.81895992,850,527,366,435,245,96,279,97.40820461,95.710033,85.33864215,20+
699974,2019,20,Amateur,white,right,305,72,294.5,94.71423404,685,439,76,294,171,68,295,92.93958826,91.66263017,99.5404837,20+
